{"train_losses": [2.054993438720703, 1.5583839416503906, 1.1440153572294447, 0.8666223492887285, 0.4938881731695599, 0.3608259098397361, 0.28016336643033557, 0.264299227628443, 0.6043448381953769, 0.4224075969722536, 0.3026545989844534, 0.23493533945745892, 0.23161196758349736, 0.19750366765591834, 0.19286805171933438, 0.1913427480392986, 0.18929466240935855, 0.19352159682247375, 0.19035741289456684, 0.18143935286336474, 0.18002311487992603, 0.18023316603567865, 0.18056768741872575, 0.1785224793685807, 0.1801339738898807, 0.17227734939919578, 0.16940997938315075, 0.17753827290402519, 0.17295917173226674, 0.17263129477699599, 0.16755751619736353, 0.17764858901500702, 0.170685061150127, 0.17841631637679206, 0.17275431685977513, 0.17057284795575672, 0.17117952091826333, 0.17299503369463815, 0.17566758063104418, 0.17125586623118982, 0.18337204332153004, 0.17236696912182703, 0.1816280926267306, 0.17180075728231006, 0.1682140712936719, 0.17198857797516717, 0.1746267110109329, 0.17349243760108948, 0.1675270254413287, 0.1719954224096404, 0.1679900018705262, 0.17707998090320162, 0.16904623152481185, 0.17232911023828718, 0.17036690860986708, 0.16931659827629725, 0.17095934864547518, 0.17044835620456272, 0.16930174844132528, 0.16741085102160772, 0.16977698687050077, 0.1716499987575743, 0.1653186508350902, 0.1701637816098001, 0.1691245677570502, 0.1696034323838022, 0.16715687794817818, 0.16461030567685764, 0.16740195643570688, 0.174600611295965, 0.16893531928459804, 0.16697557866573334, 0.16825783633523517, 0.17050219111972384, 0.16902239372332892, 0.16805326425366932, 0.17764496016833517, 0.16889992737107806, 0.17411851932605107, 0.1680780179798603, 0.16741633630461164, 0.17040972602036264, 0.16775546338823105, 0.1658327203657892, 0.1753846875495381, 0.17102668115662203, 0.1722294984592332, 0.1768654348121749, 0.1689919357498487, 0.1682993890510665, 0.17215231839153503, 0.17161311590009265, 0.17125013255410723, 0.1740885893503825, 0.17478165225022368, 0.168329675661193, 0.16987196024921206, 0.1708423826429579, 0.17139919996261596, 0.17105073697037168], "val_losses": [1.7127609332402547, 1.1530930784013536, 0.9390032231807709, 0.43227621366580327, 0.21618045390480095, 0.16968719669514232, 0.1586907657665304, 0.1583979324489418, 0.34537231988377043, 0.19630909860134124, 0.18589414201883805, 0.18773388067881266, 0.17884502387088205, 0.1816040060127206, 0.18088535654888901, 0.18009673284112876, 0.1890888105680157, 0.18709561516362655, 0.18589795655554756, 0.18492259075048625, 0.18503749628160018, 0.18595071364349375, 0.18672391968021756, 0.18795741859814571, 0.18631689282540012, 0.18653907146379223, 0.1864200048944541, 0.18616618745513228, 0.18614849116808424, 0.18600111404852618, 0.18618113265911235, 0.18634070753867288, 0.1868974400848755, 0.1871571212955233, 0.1875989145666204, 0.18773999876177389, 0.18760887086203487, 0.18735950026084539, 0.18736905654106725, 0.1875154236940337, 0.1873082068217223, 0.187585022382114, 0.15900135868005236, 0.1540848116068446, 0.15415518151274024, 0.15404094192617776, 0.15414208902181295, 0.15419672032121526, 0.15412957138422725, 0.15404288205766836, 0.15410059127480052, 0.15405257575958886, 0.15405184924515603, 0.1540671179685483, 0.15403854283974094, 0.1540469192790422, 0.15403792791842838, 0.1540502150849837, 0.15403790771927864, 0.1540668229259154, 0.15405854251622866, 0.1540359950725512, 0.15405548546029119, 0.15410140819003068, 0.15408079723500426, 0.15406138797583885, 0.1540769994257213, 0.1541132860711918, 0.1540969113507395, 0.15409754812702278, 0.15414049526042264, 0.15408204793917168, 0.15406748851127455, 0.15407965117017536, 0.15408517916984138, 0.1540756116309492, 0.15410157806331376, 0.15409953958446748, 0.15408297280459415, 0.15409573879495736, 0.15408777693896303, 0.15409299400106546, 0.15409212344211987, 0.1540927078987756, 0.15408972203720925, 0.15408588316694882, 0.1540878481334049, 0.1540786412026086, 0.15407342778301225, 0.15407489703750596, 0.15407637026564772, 0.15407620734628533, 0.15407857464409871, 0.15407920645333334, 0.15408154957814682, 0.1540820128386915, 0.15408051676210763, 0.15407767958101634, 0.1540758897859885, 0.15407235622396406], "train_accs": [0.21388888888888888, 0.4305555555555556, 0.6048611111111111, 0.6680555555555555, 0.7944444444444444, 0.8375, 0.85625, 0.8708333333333333, 0.7847222222222222, 0.8104166666666667, 0.8555555555555555, 0.8770833333333333, 0.8631944444444445, 0.8854166666666666, 0.8798611111111111, 0.8791666666666667, 0.8791666666666667, 0.8694444444444445, 0.8777777777777778, 0.8833333333333333, 0.8666666666666667, 0.875, 0.8729166666666667, 0.88125, 0.8694444444444445, 0.8861111111111111, 0.8798611111111111, 0.8708333333333333, 0.8840277777777777, 0.8861111111111111, 0.8868055555555555, 0.8784722222222222, 0.8770833333333333, 0.8881944444444444, 0.8833333333333333, 0.8944444444444445, 0.8868055555555555, 0.8791666666666667, 0.8868055555555555, 0.8861111111111111, 0.8729166666666667, 0.8819444444444444, 0.8770833333333333, 0.8791666666666667, 0.8784722222222222, 0.8777777777777778, 0.88125, 0.8840277777777777, 0.8875, 0.8854166666666666, 0.8833333333333333, 0.8861111111111111, 0.8819444444444444, 0.8944444444444445, 0.8826388888888889, 0.8979166666666667, 0.8847222222222222, 0.8923611111111112, 0.8847222222222222, 0.8805555555555555, 0.8888888888888888, 0.9, 0.8826388888888889, 0.88125, 0.8854166666666666, 0.9, 0.8784722222222222, 0.89375, 0.8819444444444444, 0.8763888888888889, 0.88125, 0.8923611111111112, 0.8923611111111112, 0.8868055555555555, 0.8881944444444444, 0.8833333333333333, 0.8770833333333333, 0.8833333333333333, 0.8736111111111111, 0.88125, 0.8763888888888889, 0.8798611111111111, 0.8805555555555555, 0.8881944444444444, 0.8986111111111111, 0.8826388888888889, 0.8756944444444444, 0.8847222222222222, 0.8854166666666666, 0.8854166666666666, 0.8826388888888889, 0.8763888888888889, 0.8854166666666666, 0.88125, 0.8784722222222222, 0.8923611111111112, 0.8819444444444444, 0.8909722222222223, 0.8756944444444444, 0.8819444444444444],